LocusName	LeadMetabolomicSNP	LeadMetabolite
FADS1-3	rs174547	lysoPC a C20:4
THEM4	rs10494270	C9
TMEM229B	rs1077989	PC ae C32:1
SLC16A9	rs1171614	C0
SLC22A16_SLC16A10	rs12210538	C18:2
PAH	rs12297049	Phe
GCKR	rs1260326	PC aa C40:5
CERS4	rs12610250	SM C18:0
PDXDC1_PLA2G10	rs6498540	lysoPC a C20:3
CPS1_ACADL	rs2286963	C9
SPTLC3	rs4814176	SM (OH) C24:1
ARG1	rs2246012	Orn
PRODH	rs2540641	Pro
ELOVL2	rs2295602	PC aa C42:5
CETP	rs3764261	PC ae C32:1
GLS2	rs2657879	Gln
SLC22A4_SLC22A5	rs273914	C18:2
GATAD2A	rs3794991	PC ae C38:0
APOE	rs445925	SM (OH) C22:1
PHGDH	rs477992	Ser
PSPH	rs4947534	Ser
SCD	rs603424	lysoPC a C16:1
SLC22A1_SLC22A2	rs662138	C8:1
SGPP1	rs7157785	PC aa C28:1
ABHD3	rs7343008	PC aa C32:2
MFSD2A	rs7529794	lysoPC a C16:0
ACADM	rs7552404	C8
AGPS	rs7582179	PC ae C44:5
ACSL1	rs7700133	PC ae C44:5
ETFDH	rs8396	C10
ZNF259_APOA5-APOA4-APOC3-APOA1	rs964184	PC aa C34:2
